epoch,train_loss,train_perplexity,val_loss,val_perplexity,learning_rate
1,3.081661341057349,21.79458056725954,6.998336907164244,1094.8108714154807,0.001
2,1.6320095993223644,5.114141774591693,8.42018983231897,4537.764787847463,0.001
3,1.263294496832302,3.537055130265532,9.244096938624097,10343.327849814348,0.001
4,1.096828341292822,2.994652928739081,9.81351439160488,18279.11429324631,0.0005
5,0.8915367731493306,2.4388747701150795,10.180207560006508,26375.9413201896,0.0005
6,0.825280259856319,2.2825203745289366,10.337948605275127,30882.61259360511,0.0005
