epoch,train_loss,train_perplexity,val_loss,val_perplexity,learning_rate
1,2.6852639723726166,14.66207125120638,7.311095921594856,1496.8166843762199,0.001
2,0.8621177909365062,2.3681706771807334,8.57688346365193,5307.538586060769,0.001
3,0.5589151809896189,1.7487743672383897,9.102843563220382,8980.793884368686,0.001
4,0.4673823743346957,1.5958114841245068,9.570336912216908,14333.244555941823,0.0005
5,0.3763343646725102,1.456934199664274,9.812703570247717,18264.299203994364,0.0005
6,0.35286234815528505,1.4231352327601101,10.004796302775535,22132.36515351404,0.0005
