{
  "train_loss": [
    3.081661341057349,
    1.6320095993223644,
    1.263294496832302,
    1.096828341292822,
    0.8915367731493306,
    0.825280259856319
  ],
  "train_perplexity": [
    21.79458056725954,
    5.114141774591693,
    3.537055130265532,
    2.994652928739081,
    2.4388747701150795,
    2.2825203745289366
  ],
  "val_loss": [
    6.998336907164244,
    8.42018983231897,
    9.244096938624097,
    9.81351439160488,
    10.180207560006508,
    10.337948605275127
  ],
  "val_perplexity": [
    1094.8108714154807,
    4537.764787847463,
    10343.327849814348,
    18279.11429324631,
    26375.9413201896,
    30882.61259360511
  ],
  "learning_rates": [
    0.001,
    0.001,
    0.001,
    0.0005,
    0.0005,
    0.0005
  ],
  "epochs_completed": 6
}