{
  "train_loss": [
    2.6852639723726166,
    0.8621177909365062,
    0.5589151809896189,
    0.4673823743346957,
    0.3763343646725102,
    0.35286234815528505
  ],
  "train_perplexity": [
    14.66207125120638,
    2.3681706771807334,
    1.7487743672383897,
    1.5958114841245068,
    1.456934199664274,
    1.4231352327601101
  ],
  "val_loss": [
    7.311095921594856,
    8.57688346365193,
    9.102843563220382,
    9.570336912216908,
    9.812703570247717,
    10.004796302775535
  ],
  "val_perplexity": [
    1496.8166843762199,
    5307.538586060769,
    8980.793884368686,
    14333.244555941823,
    18264.299203994364,
    22132.36515351404
  ],
  "learning_rates": [
    0.001,
    0.001,
    0.001,
    0.0005,
    0.0005,
    0.0005
  ],
  "epochs_completed": 6
}