{
  "train_loss": [
    0.9697868706208086,
    0.28450050304561375,
    0.24657663570321164,
    0.2243838092885252,
    0.1796288483691557,
    0.168894383202382,
    0.16279581755948297,
    0.14554360085465168,
    0.1418602262650079,
    0.14031777448736976,
    0.13075366993763132,
    0.12874784611105758,
    0.12825350777194283,
    0.12246656337395471,
    0.1215193860464635,
    0.12132077409082236,
    0.11779183870047662,
    0.11740974394361273,
    0.11729627990181525,
    0.11520094232595796
  ],
  "train_perplexity": [
    2.6373822957981017,
    1.3290979818967086,
    1.2796372453601783,
    1.2515512842653806,
    1.1967730963952723,
    1.1839950825510444,
    1.1767963839985243,
    1.1566681652033233,
    1.15241555985222,
    1.1506393846078298,
    1.139687007560249,
    1.137403287341542,
    1.1368411642405212,
    1.130281326648127,
    1.1292112566548582,
    1.1289870040692014,
    1.125009903468195,
    1.124580125195901,
    1.1244525330282695,
    1.1220988920808326
  ],
  "val_loss": [
    9.376080235948693,
    10.255589346607067,
    10.562284853771622,
    10.856081495082728,
    10.677355989187147,
    10.638717478236435,
    10.664231632631598,
    10.605152661728512,
    10.557463949322035,
    10.590554853651573,
    10.607607151737078,
    10.608064804531448,
    10.608203187750137,
    10.649003591917241,
    10.668882365523105,
    10.680695834442014,
    10.707985607043579,
    10.723623943080412,
    10.739632721855864,
    10.76415130933244
  ],
  "val_perplexity": [
    11802.660320681047,
    28441.06545885782,
    38649.33521628874,
    51848.5109632707,
    43362.747076289066,
    41719.231070844464,
    42797.35722703623,
    40342.172376378236,
    38463.458870220566,
    39757.54262489349,
    40441.31345602147,
    40459.82577191607,
    40465.425120252956,
    42150.57444465154,
    42996.85986110068,
    43507.81405713705,
    44711.48161628198,
    45416.19066720709,
    46149.099249623054,
    47294.59556729432
  ],
  "learning_rates": [
    0.001,
    0.001,
    0.001,
    0.0005,
    0.0005,
    0.0005,
    0.00025,
    0.00025,
    0.00025,
    0.000125,
    0.000125,
    0.000125,
    6.25e-05,
    6.25e-05,
    6.25e-05,
    3.125e-05,
    3.125e-05,
    3.125e-05,
    1.5625e-05,
    1.5625e-05
  ],
  "epochs_completed": 20
}