{
  "train_loss": [
    4.515798729665589,
    3.1778724680403685,
    2.592115068676663,
    2.2680652182915946,
    2.0772050584114856
  ],
  "train_perplexity": [
    91.45058115093244,
    23.995647699301728,
    13.357994822082462,
    9.660691391590019,
    7.982128126375745
  ],
  "val_loss": [
    5.136105642719787,
    5.783514754036611,
    6.531551099435787,
    7.2864183513923875,
    7.790204549483486
  ],
  "val_perplexity": [
    170.05223298654334,
    324.899126462544,
    686.4621572004245,
    1460.3309270660989,
    2416.811889261807
  ],
  "learning_rates": [
    0.001,
    0.001,
    0.001,
    0.0005,
    0.0005
  ],
  "epochs_completed": 5
}