epoch,train_loss,train_perplexity,val_loss,val_perplexity,learning_rate
1,4.515798729665589,91.45058115093244,5.136105642719787,170.05223298654334,0.001
2,3.1778724680403685,23.995647699301728,5.783514754036611,324.899126462544,0.001
3,2.592115068676663,13.357994822082462,6.531551099435787,686.4621572004245,0.001
4,2.2680652182915946,9.660691391590019,7.2864183513923875,1460.3309270660989,0.0005
5,2.0772050584114856,7.982128126375745,7.790204549483486,2416.811889261807,0.0005
