{
  "bleu_1_mean": 0.07807237117720987,
  "bleu_2_mean": 0.014789698267402174,
  "bleu_4_mean": 0.006890518990817244,
  "bleu_1_std": 0.05262025210991144,
  "bleu_2_std": 0.00485806159560328,
  "bleu_4_std": 0.0010778417026414686
}